api/README.md	f966109166f078537e85a8feb877f92879c6264689c98b9037c323fcc51fa6c5	a1612cc628fd67f76ad75db8cd1d83c08f5dc28233bb7c0dd48b29e72f0ec47a
api/gen/go/types.gen.go	78036e0949f1536afa6060f368bbb5e28e17cf9b05877edeb093ae21ac992da0	033c74c4f5a9b31eb216c7578393ac762c814acad13653ee8f49f4d79c0a0e82
api/openapi/semlia.v1.yaml	ff493b04252fcd1804aaed3dabb494a58d1e5b2d265bb6e814637e1f4efc8b40	052bc5b338baf8bd342887d54307163a029983a3c356a8c999418c214cd81d57
cmd/semlia/readiness.go	fc5e7955693a9aca850393b8daf2b700d2fe51f526294888a3db6535616c6813	2c06aad808d6c193f2cae5e16d1c061fcc7b3fc857f675cabfae2aa843397984
cmd/semlia/readiness_test.go	cb009f9f7bc44cb151b60e81c8b4954c179b7c309036f8284b2ff07c67e144b4	107c5c25684926c2afe68f66bcecdbf3b5eb970dfc90c8a9518a4b02fe5e5e7c
db/sqlc.yaml	48a37b004b01df81091133ec5d1f97b7e92953641e9b2d240b28a760a97ed10c	498310e7e9b762d672f1e23c84d6d9d120bd23cc80d456a77a3cd5ee8702f704
docs/specs/semantic-production/analysis.md	3ba89735e57f7c29eba4a836f4fbaafce43352be6998afb3a27e75777c7533cb	50d31d086adc62857f4c550273390c4f701bfb2a881169612f2c78047caebbf8
docs/specs/semantic-production/checklists/requirements.md	09372de8fc70f15564aff969132a264d0162d95ca2b1dd19fb34154ecb5240a1	3fe17830f344362cf81ed343c9f3fe28af6df50bdf26f68dd8d239dd2db3dd04
docs/specs/semantic-production/contracts/business-rule-confirmation.md	absent	ed29cb5403760bd6d5af727d0bdb4c3d375f12660b92d8f53ef921818e0f5c7d
docs/specs/semantic-production/contracts/production.md	66520a507512565f5719406f18485e3b0956cf6f2821646d296f4f5e572a80e6	d3ebff898d7f1528f86d3bdf55c58892f5c57bcd91e0bf6941e3a7e5665f574a
docs/specs/semantic-production/contracts/production.openapi.yaml	b7185d7951fdf4ef770197ae2512ec884aa3b7d0a76162311408a0e0d5046c44	3d1c547025c6ad4e30240e8428a3bd21b0f6b5af1b8bfcb64c23ca46cf821244
docs/specs/semantic-production/data-model.md	321bb5429550cd290e5fe1b3f3ef12991ea20bfea048399e0f2f6e5174839703	22f6c46925f513c5d70f2b426857a95a7716854b87d8e98df04f44625a925417
docs/specs/semantic-production/packets/SP-T005-A002.yaml	absent	e1cae4f0f0e8c75f6555bf7dbebdb791ef0e0a155ca475a1c0b119ecf2db54d7
docs/specs/semantic-production/tasks.md	8e617514a2ab34efc3c4728c44e49dfff7b12f192be6374212d7f669155d502d	7c8e4ae1bce450118469a0553b71c3e27c28262158f0bbb26d7243b146f10bd3
internal/adapters/postgres/production_business_rule.go	absent	b5519d77959420cf9ed9df6fcc322a156fc461c10c1b83236d43d20f7fd56cb6
internal/adapters/postgres/production_business_rule_declaration.go	absent	d16aa15411fe917c225fbbe23cf4b4f99e001d4433fe4ac5de638780130f9630
internal/adapters/postgres/production_validation.go	282d9ee94712077f24096b834459857f7a2651c67ba9becedf6ae08e8c1cf51e	83916880969467cc75a71adc45bdc2fedf82b46a3cc7b3c21ab5960de9a42fe7
internal/adapters/postgres/production_validation_gate.go	c181dc07177feff8ba0d305e40577f5484f179cdf9a9758b18ff3ea4a3fef1d3	8cb6174ee04282ca30920532dc5768312d084bd2196b20e12c4091fe70d869f2
internal/adapters/postgres/production_validation_worker.go	2633537ca28dc5176e277931f0db1ef5421c3e417f5da97d9fddbab820bfb2ba	7e5a0591371b63f57b4dc40fc96259f7bd7ca4210bf7655f362fe9f207c95807
internal/adapters/postgres/sqlc/models.go	e716d9161e97c22c2f818c2d5adbb0f465e3faeedbd782813dcf36bcdabf7682	68d8fa683dd81331b4bca5b14f94d09396a9cc04f8c6a26354119c0258232dd1
internal/application/governance/production_business_rule.go	absent	4eb84d30f8b4e8c5e112c47e92ed0460f614c219723c6416da65341649294e9f
internal/application/governance/production_validation.go	85fd8550d0b1bb79665d494165f46c8605e608630ff38f39913e811f92b6b94e	7b052091a5ddec7b073bf28d6cf0dbd13bf54e25c3577185f4b9ad99d218ae3c
internal/application/governance/production_validation_worker.go	8e8687088962c937c5b572f21c6c0da643db1cd6665e2d4bb4eff20587b60830	0f71045a762620efc1f1a61918520f2a5fdd5c10eae88af9b65b88fa9cbbf15c
internal/domain/governance/production_business_rule.go	absent	1d0a33e3adfbcff1bcda07971f79e91cbffcd5532439afca9dc3c5d23a1aeff9
internal/platform/http/catalog.go	4c2ad3b2bf0eba039307a1ed67a726ae07f7524db4c3f578fcacccae487364cc	358f3ee19a7384ef14dc09da75afdbfbdd1c2244ed07144302b3ad41ae5424f7
internal/platform/http/production_business_rule.go	absent	27d2873fcbf8e4b7a69015587ae1da3381011a38cd1f285219b766569022e2ea
internal/platform/http/production_business_rule_test.go	absent	343f957a7b5f519e49000fe31ee1d4043e8c92df9c427eb0fc54d4686803eee8
internal/platform/http/semantic_production.go	21a02c537ccd9670a31f61505cc04ca4162acf5e0a1669eb1a7319da624e6ccf	b7993d7809d7bd89644a9957e6257b71fd53660092a3bbe494d7e3d8b28d3218
migrations/000028_production_business_rules.down.sql	absent	b7c4e59416dd2acd0525095e91d5152f91b34114083e7f0ae320a52e1497bb2a
migrations/000028_production_business_rules.up.sql	absent	0ef8d4e16a2e77dd07e9cbacce47c6e8ffabe1659fa4b1b2f5f5960bc770062c
sdk/typescript/src/client.test.ts	e56a2fa3ecef97b9644bc293b5d828507f11a3ddc43844259da9e6c8dbcb7677	e88ad94cb6ba92ba8b2a1eac3e80846b25f57ecbaf3839829918ea3012fcbab5
sdk/typescript/src/client.ts	7ce93a4bb8afda9044d056bc0e02b372be85d38ab3404b70a1104b14c75aa330	3aebccd6377aa3fb1398a2d7f6e2495e5c43afe7e5125eea7ca77ee399626a8f
sdk/typescript/src/schema.gen.ts	b6f08e8077a6e4e240f186efe3e2ca10dd03f8bf9f3e8f751383ba35325d78c2	ad8f7cfa824b02544244c70aabff7bafbeec89309264468a50c05d285cde0087
tests/contracts/production_business_rule_contract_test.go	absent	b5bc28dfe97c7452e231be77e752134b181832f894b250a9bdf6e6d1952cb6ca
tests/contracts/semantic_production_contract_test.go	ded703b224ac03ed0df4b4e9e794ecdb94f259915d5a890b7f2c5891705c553c	afaf89f97b8e49bc7583e448bca04194c5ec92c425a59b19eb442341f848a832
tests/integration/db/database_test.go	f0915574f02545e090091e2c5c5e2e3d0fbd1fed1e3abcbbbcf838ebcc52a941	ec149795740a5a71cb142a43f6bbc49511897a5ef5672b5f51ee25e3f1d25db4
tests/integration/db/semantic_production_migrations_test.go	36e33082c0ed2f232158baded0d2f7be3e086a21fc44a5b14b0b8c9f9ddf8200	5af8114ba717dfca210d8af657c75bbbece577fb8b4d47e7839f616258ac5288
tests/integration/governance/production_authoring_fixture_test.go	a5216c63f8fa82cdecedce4db697f67a2e869df623521fe25c19570bb8de1ced	026873200f8f4f51ba396fd85ebd0f151e313cfea6fe7f0300907000b56401df
tests/integration/governance/production_authoring_regression_test.go	d409c9d434392af22ded85642a6144f47e9c820e4223fee7c96350d062362f0f	0cadf6077f4d9eef7a3f6c82b92aafb30bdf089ec2d01759a0cda4602abf4f7b
tests/integration/governance/production_business_rule_test.go	absent	3f2b6909d9b2348a73a09e933b39f143f196a86374feb30486d03b4ca62353c9
tests/integration/governance/production_composite_release_test.go	9ec49ba4486919407252669ca8565bb2ce876d97e509e627d5b4d0757a4098af	39021d58fa6f63fecf5633f3dfb2f03af7fc4f79ab5d4b48b1d9bf961d499853
tests/integration/governance/production_generation_validation_test.go	8c83d4d5017a814f9cf042b39b21fc62c1d35d0625155d9cc5d5e15c4462e262	0b7c4009a8e2997f6999dce70056c23d887fd6083a6ee807be43018d72b23145
tests/integration/governance/production_publish_integrity_test.go	48f18bf3bd9a960f66437541f9d11cf08b8005efe222129562b717a8ff9632f3	ac0e7a07c0d3bbced3dde809433e0a37f302d7d9a473be634598813ecf51a885
tests/integration/governance/production_release_test.go	4f4add50bad8bed7f4dae8076fc69367152e89d6d5362c03bc09b08a99bb173a	01f1fdbd878499e857641c62ad259ce1c29f34a3849e36cdc6d7090c8b8f7a51
tests/integration/governance/production_validation_integrity_test.go	e2cfb57b6695989067fc72edbbcec2da0cde73cb999973aa8060f03961cad123	0f742e1017b86e69403444b252b1d148800611c9b2f19d81ac723dad39723a61
